Region / Location,Latitude,Longitude,Total Listing Count,Median Price / Sq Ft (INR),Typical 2 BHK Price,1 BHK Listings,1 BHK Median Price / Sq Ft,2 BHK Listings,2 BHK Median Price / Sq Ft,3 BHK Listings,3 BHK Median Price / Sq Ft
Mahalaxmi,18.9825203,72.8242196,120,46973.43,Rs 4.17 Crore,0,,30,46717.31,60,46000.0
Bandra West,19.0596,72.8295,192,44913.79,Rs 4.10 Crore,10,41461.54,57,41176.47,88,47225.01
Ville Parle West,19.1159409,72.8312863,57,42592.59,Rs 2.69 Crore,9,44844.52,15,37617.26,22,38464.75
Prabhadevi,19.015,72.828,133,41888.62,Rs 3.95 Crore,14,41866.3,31,32352.94,37,43055.56
Juhu,19.1075,72.8263,111,41830.07,Rs 3.14 Crore,4,20068.81,13,30000.0,47,41904.76
Tardeo,18.97,72.815,23,41666.67,Rs 5.00 Crore,4,27947.59,5,46666.67,11,53448.28
Santacruz West,19.083,72.837,114,40548.78,Rs 3.50 Crore,13,23052.46,25,34761.9,46,44118.31
Worli,19.0176,72.8172,191,40322.58,Rs 3.95 Crore,2,46553.16,36,39550.53,78,41893.68
Colaba,18.9067,72.8147,25,40000.0,Rs 4.72 Crore,11,38297.87,10,46739.58,3,35000.0
Lower Parel,18.9953,72.8315,299,39840.64,Rs 3.90 Crore,26,30340.91,84,35259.7,110,39531.84
Byculla,18.978,72.833,246,39826.44,Rs 3.69 Crore,27,21887.82,93,39242.84,93,42542.79
Marine Lines,18.945,72.825,37,39282.66,Rs 4.60 Crore,0,,11,39282.66,14,37083.33
Khar,19.0682411,72.8400412,67,37741.94,Rs 3.10 Crore,4,20374.68,17,32535.36,33,39068.67
Dadar West,19.02,72.838,80,36671.05,Rs 3.54 Crore,13,25345.62,26,36475.58,36,38822.77
Mahim,19.035,72.84,55,36458.33,Rs 3.00 Crore,13,34259.26,22,33081.76,13,44166.67
Bandra East,19.06,72.85,196,34730.56,Rs 2.20 Crore,18,27803.18,86,27532.05,63,47448.28
Parel,18.995,72.84,182,34505.43,Rs 3.30 Crore,24,30479.22,79,34074.07,59,33333.33
Dadar East,19.019,72.845,84,32222.28,Rs 2.40 Crore,6,35892.18,16,28978.33,37,34100.2
Sewri,18.9987796,72.8544218,43,32137.52,Rs 2.68 Crore,7,26000.0,23,33492.82,13,32142.86
Mazagaon,18.968,72.84,36,30875.68,Rs 2.70 Crore,9,29411.76,19,29411.76,8,33733.77
Bandra Kurla Complex,19.0667,72.8667,67,30815.11,Rs 3.17 Crore,2,23081.75,22,28974.01,32,31458.33
Matunga,19.0314768,72.8468509,84,28348.21,Rs 3.13 Crore,9,22970.9,36,28062.5,31,33955.22
Andheri West,19.1363,72.8277,1240,26307.58,Rs 2.39 Crore,165,22114.83,484,25543.74,409,28561.6
Agripada,18.975,72.828,57,26223.78,Rs 3.40 Crore,7,24853.8,21,24054.98,21,26223.78
Wadala,19.022,72.857,623,25000.0,Rs 2.33 Crore,81,22115.38,258,24334.79,214,26218.24
Ville Parle East,19.097,72.85,111,24885.15,Rs 2.25 Crore,13,26371.95,61,22774.66,29,24885.15
Deonar,19.0475502,72.9051895,112,24330.78,Rs 2.19 Crore,9,15853.66,42,22633.33,43,26634.38
Santacruz East,19.082,72.852,357,24125.87,Rs 2.10 Crore,71,22051.28,178,24000.0,88,25012.75
Powai,19.1176,72.906,1114,22769.84,Rs 2.14 Crore,157,21568.63,539,22033.9,331,24000.0
Sion,19.04,72.86,246,21717.72,Rs 1.66 Crore,37,18000.0,104,23905.79,85,23787.53
Borivali West,19.2307,72.8567,693,21538.46,Rs 1.80 Crore,167,18803.42,306,21523.02,173,23851.59
Chembur,19.0623,72.8997,1183,21368.72,Rs 1.72 Crore,299,18871.25,494,21258.95,294,22698.65
Ghatkopar East,19.085,72.918,673,21167.53,Rs 1.61 Crore,198,19483.47,350,21458.57,104,23630.01
Andheri East,19.1197,72.8464,863,21005.59,Rs 1.85 Crore,194,19555.71,425,20526.32,216,24084.59
Girgaon,18.955,72.82,36,20778.74,Rs 2.00 Crore,7,20325.2,20,21431.68,7,20491.8
Nahur East,19.1546402,72.9466525,47,20444.44,Rs 1.75 Crore,0,,29,19897.96,17,20444.44
Goregaon West,19.1623,72.8433,692,20052.33,Rs 1.75 Crore,157,17985.61,301,20786.52,181,21463.41
Borivali East,19.229,72.8644,781,19666.27,Rs 1.61 Crore,260,18333.33,346,19673.56,141,21200.0
Ghatkopar West,19.086,72.908,155,19480.52,Rs 1.93 Crore,38,19106.56,56,19415.12,57,20512.82
Mulund West,19.1726,72.9426,1107,19352.52,Rs 1.64 Crore,149,18962.72,517,18690.48,368,20018.64
Jogeshwari East,19.1429467,72.8551559,134,19291.21,Rs 1.51 Crore,48,19287.53,63,19244.39,21,24230.77
Goregaon East,19.1688,72.857,535,19130.43,Rs 1.64 Crore,116,17160.71,250,18771.37,132,20556.1
Kanjurmarg,19.124102,72.9385562,984,19040.19,Rs 1.65 Crore,220,19674.8,537,19047.62,217,18039.22
Malad West,19.1874,72.8484,1054,18750.0,Rs 1.65 Crore,283,16222.22,468,18920.69,240,20631.95
Jogeshwari West,19.136394,72.8373817,388,18681.16,Rs 1.65 Crore,133,17361.11,175,19743.34,75,19230.77
Kandivali West,19.2075,72.835,1047,18331.23,Rs 1.49 Crore,283,16555.56,526,18100.96,204,20000.0
Malad East,19.186,72.858,691,18095.24,Rs 1.65 Crore,170,16757.35,309,18260.87,166,18700.04
Vikhroli,19.1114795,72.928021,758,18006.93,Rs 1.25 Crore,355,16666.67,321,18181.82,52,22857.14
Mulund East,19.171,72.956,171,17966.1,Rs 1.77 Crore,34,19034.51,75,17642.0,57,15775.03
Kandivali East,19.206,72.852,1878,17883.94,Rs 1.65 Crore,538,16464.29,844,18013.94,409,20000.0
Seawoods,19.02,73.018,296,17836.26,Rs 1.85 Crore,43,11620.8,124,16859.98,116,20800.95
Bhandup West,19.1462636,72.9339461,419,16666.67,Rs 1.38 Crore,204,16390.7,147,16938.11,60,16566.23
Vashi,19.0771,72.9986,77,16513.76,Rs 1.94 Crore,10,14393.27,31,17500.0,28,17493.18
Sanpada,19.065,73.008,197,16065.57,Rs 1.65 Crore,42,15039.68,97,15720.52,44,16776.09
Nerul,19.033,73.0169,162,15815.3,Rs 1.75 Crore,24,12498.17,61,15000.0,62,18116.81
Kurla,19.0652797,72.8793805,254,15728.38,Rs 1.35 Crore,114,15358.97,115,16179.95,23,16494.85
Dahisar,19.2493572,72.8596302,573,15031.85,Rs 1.29 Crore,267,14314.53,257,14883.72,45,21790.24
Belapur,19.024,73.04,33,15000.0,Rs 1.65 Crore,1,11538.46,13,14732.14,15,15217.39
Thane East,19.186,72.975,102,14886.25,Rs 1.12 Crore,34,12951.56,41,16371.68,26,18366.07
Bhandup East,19.1378308,72.9361964,39,13513.51,Rs 1.19 Crore,35,13384.62,4,17638.99,0,
Ghansoli,19.1254,73.0012,347,13259.67,Rs 1.50 Crore,90,12095.79,178,13157.89,64,14062.56
Thane West,19.2183,72.9781,7204,13057.27,Rs 1.12 Crore,1703,11267.61,3269,12779.74,1676,14416.15
Koper Khairane,19.098,73.008,262,12727.27,Rs 1.30 Crore,68,12341.82,121,12500.0,67,13657.14
Airoli,19.1579,72.9935,254,12664.27,Rs 1.30 Crore,110,12194.44,108,12649.12,32,16015.04
Bhayandar West,19.3015,72.85,87,10793.51,Rs 1.20 Crore,55,10629.37,30,10815.45,2,13714.73
Kharghar,19.0473,73.0699,1844,10214.74,Rs 1.10 Crore,233,9230.77,994,9969.51,539,10937.5
Anjurdive,19.22,73.04,113,10000.0,Rs 70.00 Lakhs,37,9175.74,48,9922.9,28,11197.76
Bhayandar East,19.3,72.86,522,9789.47,Rs 97.75 Lakhs,286,9679.98,192,9872.89,41,11621.62
Mira Road East,19.2813,72.8561,7713,9044.12,Rs 90.00 Lakhs,3574,8928.57,3391,9009.9,684,9925.65
Panvel,18.9894,73.1175,1151,8287.9,Rs 79.46 Lakhs,355,7947.02,560,8392.58,184,8280.54
Kamothe,19.02,73.09,561,8116.88,Rs 86.00 Lakhs,222,8424.81,310,7866.81,28,8485.42
Ulwe,18.975,73.025,1284,7892.16,Rs 90.00 Lakhs,535,7384.62,611,8095.24,128,9033.29
Kalamboli,19.03,73.105,173,7574.47,Rs 83.00 Lakhs,61,7323.94,98,7664.6,11,7440.0
Kalyan West,19.2403,73.1305,1566,6993.01,Rs 68.00 Lakhs,696,6727.27,645,7098.49,198,7689.62
Shil Phata,19.145,73.045,177,6941.18,Rs 63.00 Lakhs,84,7022.14,82,6956.16,10,6634.06
Karanjade,18.98,73.105,160,6735.74,Rs 71.00 Lakhs,104,6690.48,53,6752.73,3,13331.96
Ulhasnagar,19.2167,73.15,35,6721.82,Rs 63.50 Lakhs,10,5991.21,18,6979.03,7,6597.94
Vasai,19.3508311,72.8938078,447,6484.59,Rs 56.76 Lakhs,248,6153.85,150,6938.78,44,6961.54
Kalyan East,19.235,73.138,268,6410.95,Rs 50.88 Lakhs,159,6119.79,81,6770.83,27,7058.82
Dombivali,19.2167,73.0833,2299,6387.43,Rs 57.51 Lakhs,1031,6279.43,975,6442.0,283,6511.84
Taloja,19.055,73.1,680,6018.52,Rs 59.00 Lakhs,369,5882.35,294,6186.15,14,6117.82
Rasayani,18.9,73.16,37,5934.72,Rs 39.03 Lakhs,29,6146.57,8,4956.3,0,
Bhiwandi,19.2969,73.0631,426,5837.15,Rs 54.55 Lakhs,220,5299.69,164,6077.96,42,7672.55
Dombivali East,19.215,73.095,20,5771.24,Rs 44.00 Lakhs,8,5650.68,10,5573.46,2,6703.1
Dronagiri,18.88,72.95,82,5757.41,Rs 66.72 Lakhs,36,5259.05,40,6462.19,5,6774.19
Nilje Gaon,19.185,73.08,22,5605.78,Rs 53.00 Lakhs,7,5376.34,8,5810.08,7,5591.4
Virar,19.5091384,72.8458729,973,5511.81,Rs 44.81 Lakhs,571,5491.8,348,5405.64,51,6614.21
Naigaon East,19.355,72.855,644,5490.79,Rs 47.00 Lakhs,455,5409.84,152,5430.41,36,6167.64
Diva,19.2300117,73.0281438,26,5390.72,Rs 49.72 Lakhs,18,5418.41,8,5192.09,0,
Khopoli,18.788,73.344,56,5149.17,Rs 42.88 Lakhs,34,4413.17,12,4891.1,7,6640.62
Nala Sopara,19.417,72.82,271,4807.69,Rs 43.00 Lakhs,209,4789.92,57,4897.96,5,5098.04
Palghar,19.6969,72.7654,134,4776.44,Rs 28.17 Lakhs,82,4665.71,52,4847.48,0,
Titwala,19.3,73.2,98,4320.39,Rs 38.65 Lakhs,67,4336.13,30,4279.77,1,4545.45
Ambernath West,19.19,73.18,230,4305.1,Rs 37.00 Lakhs,135,4230.77,87,4421.05,8,4720.0
Ambernath East,19.195,73.195,524,4241.21,Rs 40.00 Lakhs,328,4156.29,183,4368.72,11,4650.49
Badlapur East,19.165,73.235,426,4193.55,Rs 37.00 Lakhs,279,4149.37,131,4281.35,16,4248.5
Karjat,18.91,73.33,340,4139.85,Rs 30.00 Lakhs,254,4136.85,85,4205.88,1,7258.06
Badlapur West,19.155,73.22,244,3898.31,Rs 33.00 Lakhs,204,3896.78,37,3918.13,3,5416.67
Neral,19.03,73.32,156,3413.82,Rs 29.25 Lakhs,125,3370.79,28,3632.48,1,3976.9
Boisar,19.8,72.75,146,3107.74,Rs 22.82 Lakhs,107,3076.92,30,3015.23,9,3350.68
