region,all_count,all_median_price_per_sqft,bhk1_count,bhk1_median_price_per_sqft,bhk2_count,bhk2_median_price_per_sqft,bhk2_median_price,bhk3_count,bhk3_median_price_per_sqft
Agripada,57,26223.78,7,24853.8,21,24054.98,34000000.0,21,26223.78
Airoli,254,12664.27,110,12194.44,108,12649.12,13000000.0,32,16015.04
Ambernath East,524,4241.21,328,4156.29,183,4368.72,4000000.0,11,4650.49
Ambernath West,230,4305.1,135,4230.77,87,4421.05,3700000.0,8,4720.0
Andheri East,863,21005.59,194,19555.71,425,20526.32,18500000.0,216,24084.59
Andheri West,1240,26307.58,165,22114.83,484,25543.74,23900000.0,409,28561.6
Anjurdive,113,10000.0,37,9175.74,48,9922.9,6999500.0,28,11197.76
Badlapur East,426,4193.55,279,4149.37,131,4281.35,3700000.0,16,4248.5
Badlapur West,244,3898.31,204,3896.78,37,3918.13,3300000.0,3,5416.67
Bandra East,196,34730.56,18,27803.18,86,27532.05,22000000.0,63,47448.28
Bandra Kurla Complex,67,30815.11,2,23081.75,22,28974.01,31750000.0,32,31458.33
Bandra West,192,44913.79,10,41461.54,57,41176.47,41000000.0,88,47225.01
Belapur,33,15000.0,1,11538.46,13,14732.14,16500000.0,15,15217.39
Bhandup East,39,13513.51,35,13384.62,4,17638.99,11850000.0,0,
Bhandup West,419,16666.67,204,16390.7,147,16938.11,13800000.0,60,16566.23
Bhayandar East,522,9789.47,286,9679.98,192,9872.89,9775000.0,41,11621.62
Bhayandar West,87,10793.51,55,10629.37,30,10815.45,12000000.0,2,13714.73
Bhiwandi,426,5837.15,220,5299.69,164,6077.96,5455000.0,42,7672.55
Boisar,146,3107.74,107,3076.92,30,3015.23,2282000.0,9,3350.68
Borivali East,781,19666.27,260,18333.33,346,19673.56,16100000.0,141,21200.0
Borivali West,693,21538.46,167,18803.42,306,21523.02,18000000.0,173,23851.59
Byculla,246,39826.44,27,21887.82,93,39242.84,36900000.0,93,42542.79
Chembur,1183,21368.72,299,18871.25,494,21258.95,17200000.0,294,22698.65
Colaba,25,40000.0,11,38297.87,10,46739.58,47250000.0,3,35000.0
Dadar East,84,32222.28,6,35892.18,16,28978.33,23950000.0,37,34100.2
Dadar West,80,36671.05,13,25345.62,26,36475.58,35450000.0,36,38822.77
Dahisar,573,15031.85,267,14314.53,257,14883.72,12900000.0,45,21790.24
Deonar,112,24330.78,9,15853.66,42,22633.33,21950000.0,43,26634.38
Diva,26,5390.72,18,5418.41,8,5192.09,4972000.0,0,
Dombivali,2299,6387.43,1031,6279.43,975,6442.0,5751000.0,283,6511.84
Dombivali East,20,5771.24,8,5650.68,10,5573.46,4400000.0,2,6703.1
Dronagiri,82,5757.41,36,5259.05,40,6462.19,6672000.0,5,6774.19
Ghansoli,347,13259.67,90,12095.79,178,13157.89,15000000.0,64,14062.56
Ghatkopar East,673,21167.53,198,19483.47,350,21458.57,16100000.0,104,23630.01
Ghatkopar West,155,19480.52,38,19106.56,56,19415.12,19300000.0,57,20512.82
Girgaon,36,20778.74,7,20325.2,20,21431.68,20000000.0,7,20491.8
Goregaon East,535,19130.43,116,17160.71,250,18771.37,16400000.0,132,20556.1
Goregaon West,692,20052.33,157,17985.61,301,20786.52,17500000.0,181,21463.41
Jogeshwari East,134,19291.21,48,19287.53,63,19244.39,15100000.0,21,24230.77
Jogeshwari West,388,18681.16,133,17361.11,175,19743.34,16500000.0,75,19230.77
Juhu,111,41830.07,4,20068.81,13,30000.0,31400000.0,47,41904.76
Kalamboli,173,7574.47,61,7323.94,98,7664.6,8300000.0,11,7440.0
Kalyan East,268,6410.95,159,6119.79,81,6770.83,5088000.0,27,7058.82
Kalyan West,1566,6993.01,696,6727.27,645,7098.49,6800000.0,198,7689.62
Kamothe,561,8116.88,222,8424.81,310,7866.81,8600000.0,28,8485.42
Kandivali East,1878,17883.94,538,16464.29,844,18013.94,16500000.0,409,20000.0
Kandivali West,1047,18331.23,283,16555.56,526,18100.96,14900000.0,204,20000.0
Kanjurmarg,984,19040.19,220,19674.8,537,19047.62,16500000.0,217,18039.22
Karanjade,160,6735.74,104,6690.48,53,6752.73,7100000.0,3,13331.96
Karjat,340,4139.85,254,4136.85,85,4205.88,3000000.0,1,7258.06
Khar,67,37741.94,4,20374.68,17,32535.36,31000000.0,33,39068.67
Kharghar,1844,10214.74,233,9230.77,994,9969.51,11000000.0,539,10937.5
Khopoli,56,5149.17,34,4413.17,12,4891.1,4287500.0,7,6640.62
Koper Khairane,262,12727.27,68,12341.82,121,12500.0,13000000.0,67,13657.14
Kurla,254,15728.38,114,15358.97,115,16179.95,13500000.0,23,16494.85
Lower Parel,299,39840.64,26,30340.91,84,35259.7,39000000.0,110,39531.84
Mahalaxmi,120,46973.43,0,,30,46717.31,41700000.0,60,46000.0
Mahim,55,36458.33,13,34259.26,22,33081.76,30000000.0,13,44166.67
Malad East,691,18095.24,170,16757.35,309,18260.87,16500000.0,166,18700.04
Malad West,1054,18750.0,283,16222.22,468,18920.69,16500000.0,240,20631.95
Marine Lines,37,39282.66,0,,11,39282.66,46000000.0,14,37083.33
Matunga,84,28348.21,9,22970.9,36,28062.5,31300000.0,31,33955.22
Mazagaon,36,30875.68,9,29411.76,19,29411.76,27000000.0,8,33733.77
Mira Road East,7713,9044.12,3574,8928.57,3391,9009.9,9000000.0,684,9925.65
Mulund East,171,17966.1,34,19034.51,75,17642.0,17700000.0,57,15775.03
Mulund West,1107,19352.52,149,18962.72,517,18690.48,16400000.0,368,20018.64
Nahur East,47,20444.44,0,,29,19897.96,17500000.0,17,20444.44
Naigaon East,644,5490.79,455,5409.84,152,5430.41,4700000.0,36,6167.64
Nala Sopara,271,4807.69,209,4789.92,57,4897.96,4300000.0,5,5098.04
Neral,156,3413.82,125,3370.79,28,3632.48,2925000.0,1,3976.9
Nerul,162,15815.3,24,12498.17,61,15000.0,17500000.0,62,18116.81
Nilje Gaon,22,5605.78,7,5376.34,8,5810.08,5300000.0,7,5591.4
Palghar,134,4776.44,82,4665.71,52,4847.48,2817000.0,0,
Panvel,1151,8287.9,355,7947.02,560,8392.58,7946000.0,184,8280.54
Parel,182,34505.43,24,30479.22,79,34074.07,33000000.0,59,33333.33
Powai,1114,22769.84,157,21568.63,539,22033.9,21400000.0,331,24000.0
Prabhadevi,133,41888.62,14,41866.3,31,32352.94,39500000.0,37,43055.56
Rasayani,37,5934.72,29,6146.57,8,4956.3,3903500.0,0,
Sanpada,197,16065.57,42,15039.68,97,15720.52,16500000.0,44,16776.09
Santacruz East,357,24125.87,71,22051.28,178,24000.0,21000000.0,88,25012.75
Santacruz West,114,40548.78,13,23052.46,25,34761.9,35000000.0,46,44118.31
Seawoods,296,17836.26,43,11620.8,124,16859.98,18550000.0,116,20800.95
Sewri,43,32137.52,7,26000.0,23,33492.82,26800000.0,13,32142.86
Shil Phata,177,6941.18,84,7022.14,82,6956.16,6300000.0,10,6634.06
Sion,246,21717.72,37,18000.0,104,23905.79,16550000.0,85,23787.53
Taloja,680,6018.52,369,5882.35,294,6186.15,5900000.0,14,6117.82
Tardeo,23,41666.67,4,27947.59,5,46666.67,50000000.0,11,53448.28
Thane East,102,14886.25,34,12951.56,41,16371.68,11200000.0,26,18366.07
Thane West,7204,13057.27,1703,11267.61,3269,12779.74,11200000.0,1676,14416.15
Titwala,98,4320.39,67,4336.13,30,4279.77,3865000.0,1,4545.45
Ulhasnagar,35,6721.82,10,5991.21,18,6979.03,6350000.0,7,6597.94
Ulwe,1284,7892.16,535,7384.62,611,8095.24,9000000.0,128,9033.29
Vasai,447,6484.59,248,6153.85,150,6938.78,5675500.0,44,6961.54
Vashi,77,16513.76,10,14393.27,31,17500.0,19400000.0,28,17493.18
Vikhroli,758,18006.93,355,16666.67,321,18181.82,12500000.0,52,22857.14
Ville Parle East,111,24885.15,13,26371.95,61,22774.66,22500000.0,29,24885.15
Ville Parle West,57,42592.59,9,44844.52,15,37617.26,26900000.0,22,38464.75
Virar,973,5511.81,571,5491.8,348,5405.64,4481500.0,51,6614.21
Wadala,623,25000.0,81,22115.38,258,24334.79,23300000.0,214,26218.24
Worli,191,40322.58,2,46553.16,36,39550.53,39500000.0,78,41893.68
